{"v":"5.9.6","fr":25,"ip":0,"op":100,"w":960,"h":700,"nm":"Growth Stories_2","ddd":0,"assets":[],"layers":[{"ddd":0,"ind":1,"ty":4,"nm":"Layer 83","sr":1,"ks":{"o":{"a":0,"k":100,"ix":11},"r":{"a":0,"k":0,"ix":10},"p":{"a":0,"k":[756.41,288.818,0],"ix":2,"l":2},"a":{"a":0,"k":[172.385,187.859,0],"ix":1,"l":2},"s":{"a":0,"k":[100,100,100],"ix":6,"l":2}},"ao":0,"shapes":[{"ty":"gr","it":[{"ty":"gr","it":[{"ind":0,"ty":"sh","ix":1,"ks":{"a":0,"k":{"i":[[7.701,-9.811],[0,0],[-13.754,-17.286],[-5.749,-12.401],[-2.645,-13.313],[-22.076,-0.819],[0,0],[1.248,22.055],[22.709,48.987],[38.996,37],[8.766,-0.001]],"o":[[0,0],[-13.639,17.378],[8.45,10.623],[5.748,12.401],[4.305,21.668],[0,0],[22.076,0.822],[-3.04,-53.67],[-22.711,-48.989],[-6.978,-6.622],[-11.365,0.001]],"v":[[-33.329,-152.202],[-141.6,-14.256],[-137.982,45.334],[-116.593,79.981],[-103.974,118.693],[-60.832,159.961],[114.408,166.473],[153.992,127.975],[115.084,-27.422],[21.632,-157.532],[-2.845,-167.293]],"c":true},"ix":2},"nm":"Path 2","mn":"ADBE Vector Shape - Group","hd":false},{"ty":"st","c":{"a":0,"k":[0.996078491211,0.439215716194,0.141176470588,1],"ix":3},"o":{"a":0,"k":100,"ix":4},"w":{"a":0,"k":15,"ix":5},"lc":2,"lj":2,"bm":0,"nm":"Stroke 1","mn":"ADBE Vector Graphic - Stroke","hd":false},{"ty":"tr","p":{"a":0,"k":[0,0],"ix":2},"a":{"a":0,"k":[0,0],"ix":1},"s":{"a":0,"k":[96,96],"ix":3},"r":{"a":0,"k":0,"ix":6},"o":{"a":0,"k":100,"ix":7},"sk":{"a":0,"k":0,"ix":4},"sa":{"a":0,"k":0,"ix":5},"nm":"Transform"}],"nm":"Group 1","np":2,"cix":2,"bm":0,"ix":1,"mn":"ADBE Vector Group","hd":false},{"ty":"tr","p":{"a":0,"k":[170.477,188.255],"ix":2},"a":{"a":0,"k":[0,0],"ix":1},"s":{"a":0,"k":[100,100],"ix":3},"r":{"a":0,"k":0,"ix":6},"o":{"a":0,"k":100,"ix":7},"sk":{"a":0,"k":0,"ix":4},"sa":{"a":0,"k":0,"ix":5},"nm":"Transform"}],"nm":"Group 1","np":1,"cix":2,"bm":0,"ix":1,"mn":"ADBE Vector Group","hd":false},{"ty":"tm","s":{"a":0,"k":0,"ix":1},"e":{"a":1,"k":[{"i":{"x":[0.23],"y":[1]},"o":{"x":[0.167],"y":[0.167]},"t":10,"s":[0]},{"t":35,"s":[100]}],"ix":2},"o":{"a":0,"k":-290,"ix":3},"m":1,"ix":2,"nm":"Trim Paths 1","mn":"ADBE Vector Filter - Trim","hd":false}],"ip":10,"op":3510,"st":10,"ct":1,"bm":0},{"ddd":0,"ind":2,"ty":4,"nm":"Layer 81","sr":1,"ks":{"o":{"a":0,"k":100,"ix":11},"r":{"a":0,"k":0,"ix":10},"p":{"a":0,"k":[544.987,144.754,0],"ix":2,"l":2},"a":{"a":0,"k":[149.689,148.295,0],"ix":1,"l":2},"s":{"a":0,"k":[100,100,100],"ix":6,"l":2}},"ao":0,"shapes":[{"ty":"gr","it":[{"ty":"gr","it":[{"ind":0,"ty":"sh","ix":1,"ks":{"a":0,"k":{"i":[[12.25,-1.059],[-3.954,-21.736],[0,0],[-22.066,-1.056],[-13.245,-3.858],[-10.808,19.267],[0,0],[20.194,8.957],[59.485,-0.002]],"o":[[-22.009,1.904],[0,0],[3.954,21.734],[13.779,0.66],[21.211,6.175],[0,0],[10.808,-19.267],[-54.618,-24.228],[-12.241,0]],"v":[[-100.202,-130.645],[-132.676,-85.982],[-102.017,82.539],[-55.03,119.257],[-14.349,126.058],[42.026,106.615],[125.822,-42.776],[109.637,-95.57],[-63.438,-132.231]],"c":true},"ix":2},"nm":"Path 2","mn":"ADBE Vector Shape - Group","hd":false},{"ty":"st","c":{"a":0,"k":[0.090196078431,0.490196108351,0.898039275525,1],"ix":3},"o":{"a":0,"k":100,"ix":4},"w":{"a":0,"k":15,"ix":5},"lc":2,"lj":2,"bm":0,"nm":"Stroke 1","mn":"ADBE Vector Graphic - Stroke","hd":false},{"ty":"tr","p":{"a":0,"k":[0,0],"ix":2},"a":{"a":0,"k":[0,0],"ix":1},"s":{"a":0,"k":[100,100],"ix":3},"r":{"a":0,"k":0,"ix":6},"o":{"a":0,"k":100,"ix":7},"sk":{"a":0,"k":0,"ix":4},"sa":{"a":0,"k":0,"ix":5},"nm":"Transform"}],"nm":"Group 1","np":2,"cix":2,"bm":0,"ix":1,"mn":"ADBE Vector Group","hd":false},{"ty":"tr","p":{"a":0,"k":[150.89,150.242],"ix":2},"a":{"a":0,"k":[0,0],"ix":1},"s":{"a":0,"k":[100,100],"ix":3},"r":{"a":0,"k":0,"ix":6},"o":{"a":0,"k":100,"ix":7},"sk":{"a":0,"k":0,"ix":4},"sa":{"a":0,"k":0,"ix":5},"nm":"Transform"}],"nm":"Group 1","np":1,"cix":2,"bm":0,"ix":1,"mn":"ADBE Vector Group","hd":false},{"ty":"tm","s":{"a":0,"k":0,"ix":1},"e":{"a":1,"k":[{"i":{"x":[0.23],"y":[1]},"o":{"x":[0.167],"y":[0.167]},"t":5,"s":[0]},{"t":30,"s":[100]}],"ix":2},"o":{"a":0,"k":-255,"ix":3},"m":1,"ix":2,"nm":"Trim Paths 1","mn":"ADBE Vector Filter - Trim","hd":false}],"ip":5,"op":3505,"st":5,"ct":1,"bm":0},{"ddd":0,"ind":3,"ty":4,"nm":"Layer 85","sr":1,"ks":{"o":{"a":0,"k":100,"ix":11},"r":{"a":0,"k":0,"ix":10},"p":{"a":0,"k":[232.804,255.222,0],"ix":2,"l":2},"a":{"a":0,"k":[191.582,223.69,0],"ix":1,"l":2},"s":{"a":0,"k":[100,100,100],"ix":6,"l":2}},"ao":0,"shapes":[{"ty":"gr","it":[{"ty":"gr","it":[{"ind":0,"ty":"sh","ix":1,"ks":{"a":0,"k":{"i":[[5.016,-2.417],[42.534,-63.903],[4.017,-76.171],[-22.072,0.906],[0,0],[-4.082,21.709],[-13.188,19.814],[-19.656,12.938],[7.684,20.713],[0,0],[15.213,0]],"o":[[-68.721,33.1],[-42.537,63.901],[-1.162,22.061],[0,0],[22.072,-0.905],[4.349,-23.127],[13.189,-19.813],[18.452,-12.145],[0,0],[-5.747,-15.492],[-5.128,0]],"v":[[62.235,-198.897],[-107.853,-50.857],[-178.784,163.187],[-139.05,201.533],[31.382,194.536],[74.236,153.086],[100.735,87.987],[150.563,38.419],[172.263,-17.114],[112.945,-177.04],[77.601,-202.439]],"c":true},"ix":2},"nm":"Path 2","mn":"ADBE Vector Shape - Group","hd":false},{"ty":"st","c":{"a":0,"k":[0.192156881094,0.866666734219,0.549019634724,0.95294123888],"ix":3},"o":{"a":0,"k":100,"ix":4},"w":{"a":0,"k":15,"ix":5},"lc":2,"lj":2,"bm":0,"nm":"Stroke 1","mn":"ADBE Vector Graphic - Stroke","hd":false},{"ty":"tr","p":{"a":0,"k":[0,0],"ix":2},"a":{"a":0,"k":[0,0],"ix":1},"s":{"a":0,"k":[96,96],"ix":3},"r":{"a":0,"k":0,"ix":6},"o":{"a":0,"k":100,"ix":7},"sk":{"a":0,"k":0,"ix":4},"sa":{"a":0,"k":0,"ix":5},"nm":"Transform"}],"nm":"Group 1","np":2,"cix":2,"bm":0,"ix":1,"mn":"ADBE Vector Group","hd":false},{"ty":"tr","p":{"a":0,"k":[193.626,224.126],"ix":2},"a":{"a":0,"k":[0,0],"ix":1},"s":{"a":0,"k":[100,100],"ix":3},"r":{"a":0,"k":0,"ix":6},"o":{"a":0,"k":100,"ix":7},"sk":{"a":0,"k":0,"ix":4},"sa":{"a":0,"k":0,"ix":5},"nm":"Transform"}],"nm":"Group 1","np":1,"cix":2,"bm":0,"ix":1,"mn":"ADBE Vector Group","hd":false},{"ty":"tm","s":{"a":0,"k":0,"ix":1},"e":{"a":1,"k":[{"i":{"x":[0.23],"y":[1]},"o":{"x":[0.167],"y":[0.167]},"t":0,"s":[0]},{"t":25,"s":[100]}],"ix":2},"o":{"a":0,"k":-146,"ix":3},"m":1,"ix":2,"nm":"Trim Paths 1","mn":"ADBE Vector Filter - Trim","hd":false}],"ip":0,"op":3500,"st":0,"ct":1,"bm":0}],"markers":[]}