{"v":"5.9.6","fr":25,"ip":0,"op":100,"w":1920,"h":700,"nm":"Growth Stories_3","ddd":0,"assets":[],"layers":[{"ddd":0,"ind":1,"ty":4,"nm":"Слой 7 Outlines","sr":1,"ks":{"o":{"a":0,"k":100,"ix":11},"r":{"a":0,"k":0,"ix":10},"p":{"a":0,"k":[1122.062,466.375,0],"ix":2,"l":2},"a":{"a":0,"k":[551.438,143.125,0],"ix":1,"l":2},"s":{"a":0,"k":[100,100,100],"ix":6,"l":2}},"ao":0,"shapes":[{"ty":"gr","it":[{"ind":0,"ty":"sh","ix":1,"ks":{"a":0,"k":{"i":[[0,0],[0,0],[65.88,-60.39],[0,0],[65.71,22.32],[0,0],[41.384,-56.18],[50.89,0],[0,0]],"o":[[0,0],[-73.02,-51.53],[0,0],[-51.15,46.89],[0,0],[-66.067,-22.44],[-30.184,40.97],[0,0],[0,0]],"v":[[540.438,-27.375],[465.037,-80.595],[227.078,-65.405],[152.387,3.075],[-37.123,42.925],[-133.115,10.315],[-313.56,66.965],[-442.495,132.125],[-540.438,132.125]],"c":false},"ix":2},"nm":"Path 1","mn":"ADBE Vector Shape - Group","hd":false},{"ty":"st","c":{"a":0,"k":[0.996078491211,0.439215716194,0.141176470588,1],"ix":3},"o":{"a":0,"k":100,"ix":4},"w":{"a":0,"k":11,"ix":5},"lc":2,"lj":1,"ml":4,"bm":0,"nm":"Stroke 1","mn":"ADBE Vector Graphic - Stroke","hd":false},{"ty":"tr","p":{"a":0,"k":[551.438,143.125],"ix":2},"a":{"a":0,"k":[0,0],"ix":1},"s":{"a":0,"k":[100,100],"ix":3},"r":{"a":0,"k":0,"ix":6},"o":{"a":0,"k":100,"ix":7},"sk":{"a":0,"k":0,"ix":4},"sa":{"a":0,"k":0,"ix":5},"nm":"Transform"}],"nm":"Group 1","np":2,"cix":2,"bm":0,"ix":1,"mn":"ADBE Vector Group","hd":false},{"ty":"tm","s":{"a":1,"k":[{"i":{"x":[0.45],"y":[1]},"o":{"x":[0.55],"y":[0]},"t":0,"s":[100]},{"t":32,"s":[0]}],"ix":1},"e":{"a":0,"k":100,"ix":2},"o":{"a":0,"k":0,"ix":3},"m":1,"ix":2,"nm":"Trim Paths 1","mn":"ADBE Vector Filter - Trim","hd":false}],"ip":0,"op":1481,"st":0,"ct":1,"bm":0},{"ddd":0,"ind":2,"ty":4,"nm":"Слой 24 Outlines","sr":1,"ks":{"o":{"a":0,"k":100,"ix":11},"r":{"a":0,"k":0,"ix":10},"p":{"a":0,"k":[1368.625,240.125,0],"ix":2,"l":2},"a":{"a":0,"k":[524.375,165.625,0],"ix":1,"l":2},"s":{"a":0,"k":[100,100,100],"ix":6,"l":2}},"ao":0,"shapes":[{"ty":"gr","it":[{"ind":0,"ty":"sh","ix":1,"ks":{"a":0,"k":{"i":[[0,0],[0,0],[35.97,-39.05],[0,0],[0,0],[72.35,47.06],[0,0],[48.583,-105.07],[0,0]],"o":[[0,0],[-53.1,0],[0,0],[0,0],[-63.93,57.99],[0,0],[-97.03,-63.12],[0,0],[0,0]],"v":[[514.375,-155.625],[322.175,-155.625],[182.435,-94.365],[98.375,-3.125],[18.365,69.465],[-212.905,88.005],[-236.665,72.545],[-512.73,152.065],[-514.375,155.625]],"c":false},"ix":2},"nm":"Path 1","mn":"ADBE Vector Shape - Group","hd":false},{"ty":"st","c":{"a":0,"k":[0.192156877705,0.866666726505,0.549019607843,1],"ix":3},"o":{"a":0,"k":100,"ix":4},"w":{"a":0,"k":10,"ix":5},"lc":2,"lj":1,"ml":4,"bm":0,"nm":"Stroke 1","mn":"ADBE Vector Graphic - Stroke","hd":false},{"ty":"tr","p":{"a":0,"k":[524.375,165.625],"ix":2},"a":{"a":0,"k":[0,0],"ix":1},"s":{"a":0,"k":[100,100],"ix":3},"r":{"a":0,"k":0,"ix":6},"o":{"a":0,"k":100,"ix":7},"sk":{"a":0,"k":0,"ix":4},"sa":{"a":0,"k":0,"ix":5},"nm":"Transform"}],"nm":"Group 1","np":2,"cix":2,"bm":0,"ix":1,"mn":"ADBE Vector Group","hd":false},{"ty":"tm","s":{"a":0,"k":0,"ix":1},"e":{"a":0,"k":100,"ix":2},"o":{"a":0,"k":0,"ix":3},"m":1,"ix":2,"nm":"Trim Paths 1","mn":"ADBE Vector Filter - Trim","hd":false},{"ty":"tm","s":{"a":1,"k":[{"i":{"x":[0.45],"y":[1]},"o":{"x":[0.55],"y":[0]},"t":0,"s":[100]},{"t":32,"s":[0]}],"ix":1},"e":{"a":0,"k":100,"ix":2},"o":{"a":0,"k":0,"ix":3},"m":1,"ix":3,"nm":"Trim Paths 2","mn":"ADBE Vector Filter - Trim","hd":false}],"ip":0,"op":1481,"st":0,"ct":1,"bm":0},{"ddd":0,"ind":3,"ty":4,"nm":"Слой 27 Outlines","sr":1,"ks":{"o":{"a":0,"k":100,"ix":11},"r":{"a":0,"k":0,"ix":10},"p":{"a":0,"k":[1312.25,340.25,0],"ix":2,"l":2},"a":{"a":0,"k":[448.25,189.75,0],"ix":1,"l":2},"s":{"a":0,"k":[100,100,100],"ix":6,"l":2}},"ao":0,"shapes":[{"ty":"gr","it":[{"ind":0,"ty":"sh","ix":1,"ks":{"a":0,"k":{"i":[[0,0],[0,0],[-33.37,-11.16],[-29.79,31.94],[0,0],[-68.44,-29.84],[-50.99,40.31],[0,0]],"o":[[0,0],[28.898,-20.06],[41.4,13.86],[0,0],[50.93,-54.61],[59.58,25.98],[0,0],[0,0]],"v":[[-437.25,178.75],[-368.672,131.13],[-269.73,116.99],[-152.85,87.32],[-30.73,-43.63],[168.46,-84.95],[348.08,-108.24],[437.25,-178.75]],"c":false},"ix":2},"nm":"Path 1","mn":"ADBE Vector Shape - Group","hd":false},{"ty":"st","c":{"a":0,"k":[0.090196078431,0.490196108351,0.898039275525,1],"ix":3},"o":{"a":0,"k":100,"ix":4},"w":{"a":0,"k":11,"ix":5},"lc":2,"lj":1,"ml":4,"bm":0,"nm":"Stroke 1","mn":"ADBE Vector Graphic - Stroke","hd":false},{"ty":"tr","p":{"a":0,"k":[448.25,189.75],"ix":2},"a":{"a":0,"k":[0,0],"ix":1},"s":{"a":0,"k":[100,100],"ix":3},"r":{"a":0,"k":0,"ix":6},"o":{"a":0,"k":100,"ix":7},"sk":{"a":0,"k":0,"ix":4},"sa":{"a":0,"k":0,"ix":5},"nm":"Transform"}],"nm":"Group 1","np":2,"cix":2,"bm":0,"ix":1,"mn":"ADBE Vector Group","hd":false},{"ty":"tm","s":{"a":0,"k":0,"ix":1},"e":{"a":1,"k":[{"i":{"x":[0.45],"y":[1]},"o":{"x":[0.55],"y":[0]},"t":0,"s":[0]},{"t":32,"s":[100]}],"ix":2},"o":{"a":0,"k":0,"ix":3},"m":1,"ix":2,"nm":"Trim Paths 1","mn":"ADBE Vector Filter - Trim","hd":false}],"ip":0,"op":1481,"st":0,"ct":1,"bm":0}],"markers":[]}