{"v":"5.9.6","fr":25,"ip":0,"op":100,"w":1920,"h":1080,"nm":"Influencer Marketing_1","ddd":0,"assets":[{"id":"image_0","w":95,"h":92,"u":"images/","p":"img_0.png","e":0},{"id":"image_1","w":117,"h":113,"u":"images/","p":"img_1.png","e":0},{"id":"image_2","w":169,"h":171,"u":"images/","p":"img_2.png","e":0},{"id":"image_3","w":528,"h":529,"u":"images/","p":"img_3.png","e":0}],"layers":[{"ddd":0,"ind":1,"ty":2,"nm":"Layer 34","refId":"image_0","sr":1,"ks":{"o":{"a":0,"k":100,"ix":11},"r":{"a":0,"k":0,"ix":10},"p":{"k":[{"s":[1514.601,36.763,0],"t":0,"i":{"x":1,"y":1},"o":{"x":0,"y":0}},{"s":[1514.865,36.501,0],"t":1,"i":{"x":1,"y":1},"o":{"x":0,"y":0}},{"s":[1515.177,36.204,0],"t":2,"i":{"x":1,"y":1},"o":{"x":0,"y":0}},{"s":[1515.536,35.878,0],"t":3,"i":{"x":1,"y":1},"o":{"x":0,"y":0}},{"s":[1515.939,35.525,0],"t":4,"i":{"x":1,"y":1},"o":{"x":0,"y":0}},{"s":[1516.385,35.15,0],"t":5,"i":{"x":1,"y":1},"o":{"x":0,"y":0}},{"s":[1516.872,34.757,0],"t":6,"i":{"x":1,"y":1},"o":{"x":0,"y":0}},{"s":[1517.396,34.35,0],"t":7,"i":{"x":1,"y":1},"o":{"x":0,"y":0}},{"s":[1517.954,33.933,0],"t":8,"i":{"x":1,"y":1},"o":{"x":0,"y":0}},{"s":[1518.545,33.511,0],"t":9,"i":{"x":1,"y":1},"o":{"x":0,"y":0}},{"s":[1519.163,33.089,0],"t":10,"i":{"x":1,"y":1},"o":{"x":0,"y":0}},{"s":[1519.807,32.67,0],"t":11,"i":{"x":1,"y":1},"o":{"x":0,"y":0}},{"s":[1520.471,32.259,0],"t":12,"i":{"x":1,"y":1},"o":{"x":0,"y":0}},{"s":[1521.151,31.86,0],"t":13,"i":{"x":1,"y":1},"o":{"x":0,"y":0}},{"s":[1521.844,31.477,0],"t":14,"i":{"x":1,"y":1},"o":{"x":0,"y":0}},{"s":[1522.545,31.115,0],"t":15,"i":{"x":1,"y":1},"o":{"x":0,"y":0}},{"s":[1523.249,30.777,0],"t":16,"i":{"x":1,"y":1},"o":{"x":0,"y":0}},{"s":[1523.95,30.467,0],"t":17,"i":{"x":1,"y":1},"o":{"x":0,"y":0}},{"s":[1524.644,30.188,0],"t":18,"i":{"x":1,"y":1},"o":{"x":0,"y":0}},{"s":[1525.325,29.944,0],"t":19,"i":{"x":1,"y":1},"o":{"x":0,"y":0}},{"s":[1525.988,29.738,0],"t":20,"i":{"x":1,"y":1},"o":{"x":0,"y":0}},{"s":[1526.625,29.572,0],"t":21,"i":{"x":1,"y":1},"o":{"x":0,"y":0}},{"s":[1527.232,29.448,0],"t":22,"i":{"x":1,"y":1},"o":{"x":0,"y":0}},{"s":[1527.801,29.368,0],"t":23,"i":{"x":1,"y":1},"o":{"x":0,"y":0}},{"s":[1528.799,29.348,0],"t":25,"i":{"x":1,"y":1},"o":{"x":0,"y":0}},{"s":[1529.214,29.409,0],"t":26,"i":{"x":1,"y":1},"o":{"x":0,"y":0}},{"s":[1529.563,29.517,0],"t":27,"i":{"x":1,"y":1},"o":{"x":0,"y":0}},{"s":[1529.839,29.673,0],"t":28,"i":{"x":1,"y":1},"o":{"x":0,"y":0}},{"s":[1530.033,29.875,0],"t":29,"i":{"x":1,"y":1},"o":{"x":0,"y":0}},{"s":[1530.138,30.121,0],"t":30,"i":{"x":1,"y":1},"o":{"x":0,"y":0}},{"s":[1530.145,30.41,0],"t":31,"i":{"x":1,"y":1},"o":{"x":0,"y":0}},{"s":[1530.108,30.727,0],"t":32,"i":{"x":1,"y":1},"o":{"x":0,"y":0}},{"s":[1530.08,31.06,0],"t":33,"i":{"x":1,"y":1},"o":{"x":0,"y":0}},{"s":[1530.06,31.408,0],"t":34,"i":{"x":1,"y":1},"o":{"x":0,"y":0}},{"s":[1530.049,31.767,0],"t":35,"i":{"x":1,"y":1},"o":{"x":0,"y":0}},{"s":[1530.045,32.136,0],"t":36,"i":{"x":1,"y":1},"o":{"x":0,"y":0}},{"s":[1530.049,32.513,0],"t":37,"i":{"x":1,"y":1},"o":{"x":0,"y":0}},{"s":[1530.059,32.896,0],"t":38,"i":{"x":1,"y":1},"o":{"x":0,"y":0}},{"s":[1530.074,33.282,0],"t":39,"i":{"x":1,"y":1},"o":{"x":0,"y":0}},{"s":[1530.094,33.668,0],"t":40,"i":{"x":1,"y":1},"o":{"x":0,"y":0}},{"s":[1530.117,34.054,0],"t":41,"i":{"x":1,"y":1},"o":{"x":0,"y":0}},{"s":[1530.143,34.437,0],"t":42,"i":{"x":1,"y":1},"o":{"x":0,"y":0}},{"s":[1530.169,34.814,0],"t":43,"i":{"x":1,"y":1},"o":{"x":0,"y":0}},{"s":[1530.195,35.183,0],"t":44,"i":{"x":1,"y":1},"o":{"x":0,"y":0}},{"s":[1530.219,35.544,0],"t":45,"i":{"x":1,"y":1},"o":{"x":0,"y":0}},{"s":[1530.24,35.892,0],"t":46,"i":{"x":1,"y":1},"o":{"x":0,"y":0}},{"s":[1530.257,36.228,0],"t":47,"i":{"x":1,"y":1},"o":{"x":0,"y":0}},{"s":[1530.267,36.548,0],"t":48,"i":{"x":1,"y":1},"o":{"x":0,"y":0}},{"s":[1530.269,36.852,0],"t":49,"i":{"x":1,"y":1},"o":{"x":0,"y":0}},{"s":[1530.262,37.137,0],"t":50,"i":{"x":1,"y":1},"o":{"x":0,"y":0}},{"s":[1530.244,37.403,0],"t":51,"i":{"x":1,"y":1},"o":{"x":0,"y":0}},{"s":[1530.214,37.648,0],"t":52,"i":{"x":1,"y":1},"o":{"x":0,"y":0}},{"s":[1530.17,37.87,0],"t":53,"i":{"x":1,"y":1},"o":{"x":0,"y":0}},{"s":[1530.11,38.069,0],"t":54,"i":{"x":1,"y":1},"o":{"x":0,"y":0}},{"s":[1530.034,38.245,0],"t":55,"i":{"x":1,"y":1},"o":{"x":0,"y":0}},{"s":[1529.94,38.396,0],"t":56,"i":{"x":1,"y":1},"o":{"x":0,"y":0}},{"s":[1529.826,38.522,0],"t":57,"i":{"x":1,"y":1},"o":{"x":0,"y":0}},{"s":[1529.692,38.623,0],"t":58,"i":{"x":1,"y":1},"o":{"x":0,"y":0}},{"s":[1529.536,38.699,0],"t":59,"i":{"x":1,"y":1},"o":{"x":0,"y":0}},{"s":[1529.358,38.75,0],"t":60,"i":{"x":1,"y":1},"o":{"x":0,"y":0}},{"s":[1528.678,38.761,0],"t":63,"i":{"x":1,"y":1},"o":{"x":0,"y":0}},{"s":[1528.401,38.721,0],"t":64,"i":{"x":1,"y":1},"o":{"x":0,"y":0}},{"s":[1528.099,38.661,0],"t":65,"i":{"x":1,"y":1},"o":{"x":0,"y":0}},{"s":[1527.77,38.583,0],"t":66,"i":{"x":1,"y":1},"o":{"x":0,"y":0}},{"s":[1527.416,38.491,0],"t":67,"i":{"x":1,"y":1},"o":{"x":0,"y":0}},{"s":[1527.035,38.385,0],"t":68,"i":{"x":1,"y":1},"o":{"x":0,"y":0}},{"s":[1526.63,38.27,0],"t":69,"i":{"x":1,"y":1},"o":{"x":0,"y":0}},{"s":[1526.2,38.148,0],"t":70,"i":{"x":1,"y":1},"o":{"x":0,"y":0}},{"s":[1525.746,38.023,0],"t":71,"i":{"x":1,"y":1},"o":{"x":0,"y":0}},{"s":[1525.269,37.899,0],"t":72,"i":{"x":1,"y":1},"o":{"x":0,"y":0}},{"s":[1524.77,37.78,0],"t":73,"i":{"x":1,"y":1},"o":{"x":0,"y":0}},{"s":[1524.252,37.672,0],"t":74,"i":{"x":1,"y":1},"o":{"x":0,"y":0}},{"s":[1523.715,37.579,0],"t":75,"i":{"x":1,"y":1},"o":{"x":0,"y":0}},{"s":[1523.163,37.507,0],"t":76,"i":{"x":1,"y":1},"o":{"x":0,"y":0}},{"s":[1522.597,37.463,0],"t":77,"i":{"x":1,"y":1},"o":{"x":0,"y":0}},{"s":[1521.434,37.481,0],"t":79,"i":{"x":1,"y":1},"o":{"x":0,"y":0}},{"s":[1520.845,37.559,0],"t":80,"i":{"x":1,"y":1},"o":{"x":0,"y":0}},{"s":[1520.254,37.692,0],"t":81,"i":{"x":1,"y":1},"o":{"x":0,"y":0}},{"s":[1519.671,37.846,0],"t":82,"i":{"x":1,"y":1},"o":{"x":0,"y":0}},{"s":[1519.106,37.984,0],"t":83,"i":{"x":1,"y":1},"o":{"x":0,"y":0}},{"s":[1518.559,38.104,0],"t":84,"i":{"x":1,"y":1},"o":{"x":0,"y":0}},{"s":[1518.035,38.205,0],"t":85,"i":{"x":1,"y":1},"o":{"x":0,"y":0}},{"s":[1517.536,38.284,0],"t":86,"i":{"x":1,"y":1},"o":{"x":0,"y":0}},{"s":[1517.065,38.342,0],"t":87,"i":{"x":1,"y":1},"o":{"x":0,"y":0}},{"s":[1516.625,38.375,0],"t":88,"i":{"x":1,"y":1},"o":{"x":0,"y":0}},{"s":[1515.847,38.369,0],"t":90,"i":{"x":1,"y":1},"o":{"x":0,"y":0}},{"s":[1515.514,38.328,0],"t":91,"i":{"x":1,"y":1},"o":{"x":0,"y":0}},{"s":[1515.222,38.261,0],"t":92,"i":{"x":1,"y":1},"o":{"x":0,"y":0}},{"s":[1514.974,38.166,0],"t":93,"i":{"x":1,"y":1},"o":{"x":0,"y":0}},{"s":[1514.77,38.045,0],"t":94,"i":{"x":1,"y":1},"o":{"x":0,"y":0}},{"s":[1514.614,37.897,0],"t":95,"i":{"x":1,"y":1},"o":{"x":0,"y":0}},{"s":[1514.508,37.723,0],"t":96,"i":{"x":1,"y":1},"o":{"x":0,"y":0}},{"s":[1514.452,37.521,0],"t":97,"i":{"x":1,"y":1},"o":{"x":0,"y":0}},{"s":[1514.448,37.294,0],"t":98,"i":{"x":1,"y":1},"o":{"x":0,"y":0}},{"s":[1514.497,37.041,0],"t":99,"i":{"x":1,"y":1},"o":{"x":0,"y":0}}],"l":2},"a":{"a":0,"k":[47.5,46,0],"ix":1,"l":2},"s":{"a":0,"k":[100,100,100],"ix":6,"l":2}},"ao":0,"ip":0,"op":3500,"st":0,"bm":0},{"ddd":0,"ind":2,"ty":2,"nm":"Layer 35","refId":"image_1","sr":1,"ks":{"o":{"a":0,"k":100,"ix":11},"r":{"a":0,"k":0,"ix":10},"p":{"k":[{"s":[831.569,849.574,0],"t":1,"i":{"x":1,"y":1},"o":{"x":0,"y":0}},{"s":[832.267,849.333,0],"t":2,"i":{"x":1,"y":1},"o":{"x":0,"y":0}},{"s":[832.892,849.188,0],"t":3,"i":{"x":1,"y":1},"o":{"x":0,"y":0}},{"s":[833.431,849.144,0],"t":4,"i":{"x":1,"y":1},"o":{"x":0,"y":0}},{"s":[834.225,849.359,0],"t":6,"i":{"x":1,"y":1},"o":{"x":0,"y":0}},{"s":[834.98,850.108,0],"t":9,"i":{"x":1,"y":1},"o":{"x":0,"y":0}},{"s":[835.231,850.817,0],"t":11,"i":{"x":1,"y":1},"o":{"x":0,"y":0}},{"s":[835.278,851.229,0],"t":12,"i":{"x":1,"y":1},"o":{"x":0,"y":0}},{"s":[835.273,851.677,0],"t":13,"i":{"x":1,"y":1},"o":{"x":0,"y":0}},{"s":[835.216,852.158,0],"t":14,"i":{"x":1,"y":1},"o":{"x":0,"y":0}},{"s":[835.109,852.669,0],"t":15,"i":{"x":1,"y":1},"o":{"x":0,"y":0}},{"s":[834.951,853.209,0],"t":16,"i":{"x":1,"y":1},"o":{"x":0,"y":0}},{"s":[834.745,853.775,0],"t":17,"i":{"x":1,"y":1},"o":{"x":0,"y":0}},{"s":[834.492,854.365,0],"t":18,"i":{"x":1,"y":1},"o":{"x":0,"y":0}},{"s":[834.195,854.976,0],"t":19,"i":{"x":1,"y":1},"o":{"x":0,"y":0}},{"s":[833.855,855.605,0],"t":20,"i":{"x":1,"y":1},"o":{"x":0,"y":0}},{"s":[833.475,856.249,0],"t":21,"i":{"x":1,"y":1},"o":{"x":0,"y":0}},{"s":[833.057,856.908,0],"t":22,"i":{"x":1,"y":1},"o":{"x":0,"y":0}},{"s":[832.605,857.577,0],"t":23,"i":{"x":1,"y":1},"o":{"x":0,"y":0}},{"s":[832.121,858.254,0],"t":24,"i":{"x":1,"y":1},"o":{"x":0,"y":0}},{"s":[831.608,858.937,0],"t":25,"i":{"x":1,"y":1},"o":{"x":0,"y":0}},{"s":[831.07,859.623,0],"t":26,"i":{"x":1,"y":1},"o":{"x":0,"y":0}},{"s":[830.509,860.31,0],"t":27,"i":{"x":1,"y":1},"o":{"x":0,"y":0}},{"s":[829.93,860.995,0],"t":28,"i":{"x":1,"y":1},"o":{"x":0,"y":0}},{"s":[829.335,861.677,0],"t":29,"i":{"x":1,"y":1},"o":{"x":0,"y":0}},{"s":[828.727,862.353,0],"t":30,"i":{"x":1,"y":1},"o":{"x":0,"y":0}},{"s":[828.111,863.02,0],"t":31,"i":{"x":1,"y":1},"o":{"x":0,"y":0}},{"s":[827.489,863.678,0],"t":32,"i":{"x":1,"y":1},"o":{"x":0,"y":0}},{"s":[826.864,864.323,0],"t":33,"i":{"x":1,"y":1},"o":{"x":0,"y":0}},{"s":[826.241,864.955,0],"t":34,"i":{"x":1,"y":1},"o":{"x":0,"y":0}},{"s":[825.621,865.571,0],"t":35,"i":{"x":1,"y":1},"o":{"x":0,"y":0}},{"s":[825.008,866.171,0],"t":36,"i":{"x":1,"y":1},"o":{"x":0,"y":0}},{"s":[824.405,866.752,0],"t":37,"i":{"x":1,"y":1},"o":{"x":0,"y":0}},{"s":[823.814,867.314,0],"t":38,"i":{"x":1,"y":1},"o":{"x":0,"y":0}},{"s":[823.237,867.856,0],"t":39,"i":{"x":1,"y":1},"o":{"x":0,"y":0}},{"s":[822.677,868.376,0],"t":40,"i":{"x":1,"y":1},"o":{"x":0,"y":0}},{"s":[822.136,868.875,0],"t":41,"i":{"x":1,"y":1},"o":{"x":0,"y":0}},{"s":[821.615,869.352,0],"t":42,"i":{"x":1,"y":1},"o":{"x":0,"y":0}},{"s":[821.116,869.807,0],"t":43,"i":{"x":1,"y":1},"o":{"x":0,"y":0}},{"s":[820.64,870.239,0],"t":44,"i":{"x":1,"y":1},"o":{"x":0,"y":0}},{"s":[820.188,870.65,0],"t":45,"i":{"x":1,"y":1},"o":{"x":0,"y":0}},{"s":[819.76,871.039,0],"t":46,"i":{"x":1,"y":1},"o":{"x":0,"y":0}},{"s":[818.975,871.758,0],"t":48,"i":{"x":1,"y":1},"o":{"x":0,"y":0}},{"s":[818.282,872.405,0],"t":50,"i":{"x":1,"y":1},"o":{"x":0,"y":0}},{"s":[817.669,872.995,0],"t":52,"i":{"x":1,"y":1},"o":{"x":0,"y":0}},{"s":[816.851,873.82,0],"t":55,"i":{"x":1,"y":1},"o":{"x":0,"y":0}},{"s":[816.174,874.561,0],"t":58,"i":{"x":1,"y":1},"o":{"x":0,"y":0}},{"s":[815.389,875.232,0],"t":64,"i":{"x":1,"y":1},"o":{"x":0,"y":0}},{"s":[815.168,874.617,0],"t":69,"i":{"x":1,"y":1},"o":{"x":0,"y":0}},{"s":[815.201,874.022,0],"t":71,"i":{"x":1,"y":1},"o":{"x":0,"y":0}},{"s":[815.319,873.223,0],"t":73,"i":{"x":1,"y":1},"o":{"x":0,"y":0}},{"s":[815.415,872.746,0],"t":74,"i":{"x":1,"y":1},"o":{"x":0,"y":0}},{"s":[815.537,872.218,0],"t":75,"i":{"x":1,"y":1},"o":{"x":0,"y":0}},{"s":[815.689,871.641,0],"t":76,"i":{"x":1,"y":1},"o":{"x":0,"y":0}},{"s":[815.871,871.016,0],"t":77,"i":{"x":1,"y":1},"o":{"x":0,"y":0}},{"s":[816.086,870.343,0],"t":78,"i":{"x":1,"y":1},"o":{"x":0,"y":0}},{"s":[816.336,869.624,0],"t":79,"i":{"x":1,"y":1},"o":{"x":0,"y":0}},{"s":[816.623,868.862,0],"t":80,"i":{"x":1,"y":1},"o":{"x":0,"y":0}},{"s":[816.948,868.059,0],"t":81,"i":{"x":1,"y":1},"o":{"x":0,"y":0}},{"s":[817.314,867.217,0],"t":82,"i":{"x":1,"y":1},"o":{"x":0,"y":0}},{"s":[817.72,866.338,0],"t":83,"i":{"x":1,"y":1},"o":{"x":0,"y":0}},{"s":[818.169,865.427,0],"t":84,"i":{"x":1,"y":1},"o":{"x":0,"y":0}},{"s":[818.662,864.486,0],"t":85,"i":{"x":1,"y":1},"o":{"x":0,"y":0}},{"s":[819.199,863.519,0],"t":86,"i":{"x":1,"y":1},"o":{"x":0,"y":0}},{"s":[819.781,862.529,0],"t":87,"i":{"x":1,"y":1},"o":{"x":0,"y":0}},{"s":[820.407,861.522,0],"t":88,"i":{"x":1,"y":1},"o":{"x":0,"y":0}},{"s":[821.078,860.501,0],"t":89,"i":{"x":1,"y":1},"o":{"x":0,"y":0}},{"s":[821.792,859.471,0],"t":90,"i":{"x":1,"y":1},"o":{"x":0,"y":0}},{"s":[822.548,858.436,0],"t":91,"i":{"x":1,"y":1},"o":{"x":0,"y":0}},{"s":[823.345,857.404,0],"t":92,"i":{"x":1,"y":1},"o":{"x":0,"y":0}},{"s":[824.181,856.377,0],"t":93,"i":{"x":1,"y":1},"o":{"x":0,"y":0}},{"s":[825.052,855.364,0],"t":94,"i":{"x":1,"y":1},"o":{"x":0,"y":0}},{"s":[825.956,854.369,0],"t":95,"i":{"x":1,"y":1},"o":{"x":0,"y":0}},{"s":[826.889,853.399,0],"t":96,"i":{"x":1,"y":1},"o":{"x":0,"y":0}},{"s":[827.846,852.461,0],"t":97,"i":{"x":1,"y":1},"o":{"x":0,"y":0}},{"s":[828.822,851.562,0],"t":98,"i":{"x":1,"y":1},"o":{"x":0,"y":0}},{"s":[829.811,850.708,0],"t":99,"i":{"x":1,"y":1},"o":{"x":0,"y":0}}],"l":2},"a":{"a":0,"k":[58.5,56.5,0],"ix":1,"l":2},"s":{"a":0,"k":[100,100,100],"ix":6,"l":2}},"ao":0,"ip":0,"op":3500,"st":0,"bm":0},{"ddd":0,"ind":3,"ty":2,"nm":"Layer 36","refId":"image_2","sr":1,"ks":{"o":{"a":0,"k":100,"ix":11},"r":{"a":0,"k":0,"ix":10},"p":{"k":[{"s":[9.205,377.677,0],"t":0,"i":{"x":1,"y":1},"o":{"x":0,"y":0}},{"s":[8.669,378.409,0],"t":1,"i":{"x":1,"y":1},"o":{"x":0,"y":0}},{"s":[8.079,379.188,0],"t":2,"i":{"x":1,"y":1},"o":{"x":0,"y":0}},{"s":[7.441,380.013,0],"t":3,"i":{"x":1,"y":1},"o":{"x":0,"y":0}},{"s":[6.76,380.881,0],"t":4,"i":{"x":1,"y":1},"o":{"x":0,"y":0}},{"s":[6.039,381.79,0],"t":5,"i":{"x":1,"y":1},"o":{"x":0,"y":0}},{"s":[5.286,382.737,0],"t":6,"i":{"x":1,"y":1},"o":{"x":0,"y":0}},{"s":[4.504,383.72,0],"t":7,"i":{"x":1,"y":1},"o":{"x":0,"y":0}},{"s":[3.699,384.736,0],"t":8,"i":{"x":1,"y":1},"o":{"x":0,"y":0}},{"s":[2.877,385.78,0],"t":9,"i":{"x":1,"y":1},"o":{"x":0,"y":0}},{"s":[2.043,386.851,0],"t":10,"i":{"x":1,"y":1},"o":{"x":0,"y":0}},{"s":[1.203,387.943,0],"t":11,"i":{"x":1,"y":1},"o":{"x":0,"y":0}},{"s":[0.362,389.054,0],"t":12,"i":{"x":1,"y":1},"o":{"x":0,"y":0}},{"s":[-0.476,390.179,0],"t":13,"i":{"x":1,"y":1},"o":{"x":0,"y":0}},{"s":[-1.303,391.313,0],"t":14,"i":{"x":1,"y":1},"o":{"x":0,"y":0}},{"s":[-2.116,392.453,0],"t":15,"i":{"x":1,"y":1},"o":{"x":0,"y":0}},{"s":[-2.908,393.594,0],"t":16,"i":{"x":1,"y":1},"o":{"x":0,"y":0}},{"s":[-3.676,394.73,0],"t":17,"i":{"x":1,"y":1},"o":{"x":0,"y":0}},{"s":[-4.415,395.857,0],"t":18,"i":{"x":1,"y":1},"o":{"x":0,"y":0}},{"s":[-5.119,396.971,0],"t":19,"i":{"x":1,"y":1},"o":{"x":0,"y":0}},{"s":[-5.785,398.064,0],"t":20,"i":{"x":1,"y":1},"o":{"x":0,"y":0}},{"s":[-6.409,399.133,0],"t":21,"i":{"x":1,"y":1},"o":{"x":0,"y":0}},{"s":[-6.987,400.171,0],"t":22,"i":{"x":1,"y":1},"o":{"x":0,"y":0}},{"s":[-7.515,401.173,0],"t":23,"i":{"x":1,"y":1},"o":{"x":0,"y":0}},{"s":[-7.992,402.132,0],"t":24,"i":{"x":1,"y":1},"o":{"x":0,"y":0}},{"s":[-8.414,403.043,0],"t":25,"i":{"x":1,"y":1},"o":{"x":0,"y":0}},{"s":[-8.779,403.9,0],"t":26,"i":{"x":1,"y":1},"o":{"x":0,"y":0}},{"s":[-9.085,404.697,0],"t":27,"i":{"x":1,"y":1},"o":{"x":0,"y":0}},{"s":[-9.332,405.426,0],"t":28,"i":{"x":1,"y":1},"o":{"x":0,"y":0}},{"s":[-9.518,406.082,0],"t":29,"i":{"x":1,"y":1},"o":{"x":0,"y":0}},{"s":[-9.642,406.66,0],"t":30,"i":{"x":1,"y":1},"o":{"x":0,"y":0}},{"s":[-9.686,407.194,0],"t":31,"i":{"x":1,"y":1},"o":{"x":0,"y":0}},{"s":[-9.653,407.699,0],"t":32,"i":{"x":1,"y":1},"o":{"x":0,"y":0}},{"s":[-9.554,408.172,0],"t":33,"i":{"x":1,"y":1},"o":{"x":0,"y":0}},{"s":[-9.4,408.608,0],"t":34,"i":{"x":1,"y":1},"o":{"x":0,"y":0}},{"s":[-9.198,409.006,0],"t":35,"i":{"x":1,"y":1},"o":{"x":0,"y":0}},{"s":[-8.958,409.364,0],"t":36,"i":{"x":1,"y":1},"o":{"x":0,"y":0}},{"s":[-8.687,409.678,0],"t":37,"i":{"x":1,"y":1},"o":{"x":0,"y":0}},{"s":[-8.393,409.946,0],"t":38,"i":{"x":1,"y":1},"o":{"x":0,"y":0}},{"s":[-8.081,410.166,0],"t":39,"i":{"x":1,"y":1},"o":{"x":0,"y":0}},{"s":[-7.756,410.337,0],"t":40,"i":{"x":1,"y":1},"o":{"x":0,"y":0}},{"s":[-7.424,410.455,0],"t":41,"i":{"x":1,"y":1},"o":{"x":0,"y":0}},{"s":[-7.088,410.521,0],"t":42,"i":{"x":1,"y":1},"o":{"x":0,"y":0}},{"s":[-6.752,410.531,0],"t":43,"i":{"x":1,"y":1},"o":{"x":0,"y":0}},{"s":[-6.42,410.485,0],"t":44,"i":{"x":1,"y":1},"o":{"x":0,"y":0}},{"s":[-6.092,410.381,0],"t":45,"i":{"x":1,"y":1},"o":{"x":0,"y":0}},{"s":[-5.772,410.219,0],"t":46,"i":{"x":1,"y":1},"o":{"x":0,"y":0}},{"s":[-5.46,409.998,0],"t":47,"i":{"x":1,"y":1},"o":{"x":0,"y":0}},{"s":[-5.158,409.717,0],"t":48,"i":{"x":1,"y":1},"o":{"x":0,"y":0}},{"s":[-4.866,409.376,0],"t":49,"i":{"x":1,"y":1},"o":{"x":0,"y":0}},{"s":[-4.584,408.976,0],"t":50,"i":{"x":1,"y":1},"o":{"x":0,"y":0}},{"s":[-4.313,408.517,0],"t":51,"i":{"x":1,"y":1},"o":{"x":0,"y":0}},{"s":[-4.051,407.998,0],"t":52,"i":{"x":1,"y":1},"o":{"x":0,"y":0}},{"s":[-3.798,407.422,0],"t":53,"i":{"x":1,"y":1},"o":{"x":0,"y":0}},{"s":[-3.554,406.788,0],"t":54,"i":{"x":1,"y":1},"o":{"x":0,"y":0}},{"s":[-3.316,406.1,0],"t":55,"i":{"x":1,"y":1},"o":{"x":0,"y":0}},{"s":[-3.084,405.357,0],"t":56,"i":{"x":1,"y":1},"o":{"x":0,"y":0}},{"s":[-2.856,404.563,0],"t":57,"i":{"x":1,"y":1},"o":{"x":0,"y":0}},{"s":[-2.63,403.72,0],"t":58,"i":{"x":1,"y":1},"o":{"x":0,"y":0}},{"s":[-2.406,402.83,0],"t":59,"i":{"x":1,"y":1},"o":{"x":0,"y":0}},{"s":[-2.18,401.897,0],"t":60,"i":{"x":1,"y":1},"o":{"x":0,"y":0}},{"s":[-1.953,400.924,0],"t":61,"i":{"x":1,"y":1},"o":{"x":0,"y":0}},{"s":[-1.721,399.914,0],"t":62,"i":{"x":1,"y":1},"o":{"x":0,"y":0}},{"s":[-1.483,398.873,0],"t":63,"i":{"x":1,"y":1},"o":{"x":0,"y":0}},{"s":[-1.238,397.805,0],"t":64,"i":{"x":1,"y":1},"o":{"x":0,"y":0}},{"s":[-0.985,396.715,0],"t":65,"i":{"x":1,"y":1},"o":{"x":0,"y":0}},{"s":[-0.722,395.607,0],"t":66,"i":{"x":1,"y":1},"o":{"x":0,"y":0}},{"s":[-0.449,394.489,0],"t":67,"i":{"x":1,"y":1},"o":{"x":0,"y":0}},{"s":[-0.163,393.366,0],"t":68,"i":{"x":1,"y":1},"o":{"x":0,"y":0}},{"s":[0.134,392.245,0],"t":69,"i":{"x":1,"y":1},"o":{"x":0,"y":0}},{"s":[0.444,391.132,0],"t":70,"i":{"x":1,"y":1},"o":{"x":0,"y":0}},{"s":[0.765,390.037,0],"t":71,"i":{"x":1,"y":1},"o":{"x":0,"y":0}},{"s":[1.099,388.966,0],"t":72,"i":{"x":1,"y":1},"o":{"x":0,"y":0}},{"s":[1.443,387.929,0],"t":73,"i":{"x":1,"y":1},"o":{"x":0,"y":0}},{"s":[1.796,386.935,0],"t":74,"i":{"x":1,"y":1},"o":{"x":0,"y":0}},{"s":[2.158,385.992,0],"t":75,"i":{"x":1,"y":1},"o":{"x":0,"y":0}},{"s":[2.524,385.111,0],"t":76,"i":{"x":1,"y":1},"o":{"x":0,"y":0}},{"s":[2.894,384.303,0],"t":77,"i":{"x":1,"y":1},"o":{"x":0,"y":0}},{"s":[3.262,383.579,0],"t":78,"i":{"x":1,"y":1},"o":{"x":0,"y":0}},{"s":[3.627,382.95,0],"t":79,"i":{"x":1,"y":1},"o":{"x":0,"y":0}},{"s":[3.983,382.424,0],"t":80,"i":{"x":1,"y":1},"o":{"x":0,"y":0}},{"s":[4.358,381.923,0],"t":81,"i":{"x":1,"y":1},"o":{"x":0,"y":0}},{"s":[4.758,381.417,0],"t":82,"i":{"x":1,"y":1},"o":{"x":0,"y":0}},{"s":[5.177,380.912,0],"t":83,"i":{"x":1,"y":1},"o":{"x":0,"y":0}},{"s":[5.609,380.415,0],"t":84,"i":{"x":1,"y":1},"o":{"x":0,"y":0}},{"s":[6.048,379.93,0],"t":85,"i":{"x":1,"y":1},"o":{"x":0,"y":0}},{"s":[6.487,379.463,0],"t":86,"i":{"x":1,"y":1},"o":{"x":0,"y":0}},{"s":[6.92,379.02,0],"t":87,"i":{"x":1,"y":1},"o":{"x":0,"y":0}},{"s":[7.34,378.606,0],"t":88,"i":{"x":1,"y":1},"o":{"x":0,"y":0}},{"s":[7.741,378.227,0],"t":89,"i":{"x":1,"y":1},"o":{"x":0,"y":0}},{"s":[8.117,377.888,0],"t":90,"i":{"x":1,"y":1},"o":{"x":0,"y":0}},{"s":[8.461,377.593,0],"t":91,"i":{"x":1,"y":1},"o":{"x":0,"y":0}},{"s":[8.768,377.348,0],"t":92,"i":{"x":1,"y":1},"o":{"x":0,"y":0}},{"s":[9.031,377.158,0],"t":93,"i":{"x":1,"y":1},"o":{"x":0,"y":0}},{"s":[9.244,377.026,0],"t":94,"i":{"x":1,"y":1},"o":{"x":0,"y":0}},{"s":[9.403,376.957,0],"t":95,"i":{"x":1,"y":1},"o":{"x":0,"y":0}},{"s":[9.502,376.954,0],"t":96,"i":{"x":1,"y":1},"o":{"x":0,"y":0}},{"s":[9.536,377.022,0],"t":97,"i":{"x":1,"y":1},"o":{"x":0,"y":0}},{"s":[9.501,377.163,0],"t":98,"i":{"x":1,"y":1},"o":{"x":0,"y":0}},{"s":[9.392,377.381,0],"t":99,"i":{"x":1,"y":1},"o":{"x":0,"y":0}}],"l":2},"a":{"a":0,"k":[84.387,85.055,0],"ix":1,"l":2},"s":{"a":0,"k":[100,100,100],"ix":6,"l":2}},"ao":0,"ip":0,"op":3500,"st":0,"bm":0},{"ddd":0,"ind":4,"ty":2,"nm":"Layer 37","refId":"image_3","sr":1,"ks":{"o":{"a":0,"k":100,"ix":11},"r":{"a":0,"k":0,"ix":10},"p":{"k":[{"s":[1247.569,630.646,0],"t":0,"i":{"x":1,"y":1},"o":{"x":0,"y":0}},{"s":[1247.384,631.828,0],"t":1,"i":{"x":1,"y":1},"o":{"x":0,"y":0}},{"s":[1247.223,632.923,0],"t":2,"i":{"x":1,"y":1},"o":{"x":0,"y":0}},{"s":[1247.09,633.916,0],"t":3,"i":{"x":1,"y":1},"o":{"x":0,"y":0}},{"s":[1246.987,634.796,0],"t":4,"i":{"x":1,"y":1},"o":{"x":0,"y":0}},{"s":[1246.948,635.565,0],"t":5,"i":{"x":1,"y":1},"o":{"x":0,"y":0}},{"s":[1247.012,636.248,0],"t":6,"i":{"x":1,"y":1},"o":{"x":0,"y":0}},{"s":[1247.168,636.848,0],"t":7,"i":{"x":1,"y":1},"o":{"x":0,"y":0}},{"s":[1247.403,637.368,0],"t":8,"i":{"x":1,"y":1},"o":{"x":0,"y":0}},{"s":[1247.708,637.811,0],"t":9,"i":{"x":1,"y":1},"o":{"x":0,"y":0}},{"s":[1248.072,638.178,0],"t":10,"i":{"x":1,"y":1},"o":{"x":0,"y":0}},{"s":[1248.939,638.697,0],"t":12,"i":{"x":1,"y":1},"o":{"x":0,"y":0}},{"s":[1249.936,638.942,0],"t":14,"i":{"x":1,"y":1},"o":{"x":0,"y":0}},{"s":[1251.002,638.926,0],"t":16,"i":{"x":1,"y":1},"o":{"x":0,"y":0}},{"s":[1252.087,638.663,0],"t":18,"i":{"x":1,"y":1},"o":{"x":0,"y":0}},{"s":[1253.15,638.164,0],"t":20,"i":{"x":1,"y":1},"o":{"x":0,"y":0}},{"s":[1253.661,637.83,0],"t":21,"i":{"x":1,"y":1},"o":{"x":0,"y":0}},{"s":[1254.155,637.442,0],"t":22,"i":{"x":1,"y":1},"o":{"x":0,"y":0}},{"s":[1254.627,637,0],"t":23,"i":{"x":1,"y":1},"o":{"x":0,"y":0}},{"s":[1255.076,636.508,0],"t":24,"i":{"x":1,"y":1},"o":{"x":0,"y":0}},{"s":[1255.498,635.965,0],"t":25,"i":{"x":1,"y":1},"o":{"x":0,"y":0}},{"s":[1255.891,635.375,0],"t":26,"i":{"x":1,"y":1},"o":{"x":0,"y":0}},{"s":[1256.255,634.738,0],"t":27,"i":{"x":1,"y":1},"o":{"x":0,"y":0}},{"s":[1256.587,634.058,0],"t":28,"i":{"x":1,"y":1},"o":{"x":0,"y":0}},{"s":[1256.887,633.335,0],"t":29,"i":{"x":1,"y":1},"o":{"x":0,"y":0}},{"s":[1257.154,632.572,0],"t":30,"i":{"x":1,"y":1},"o":{"x":0,"y":0}},{"s":[1257.387,631.773,0],"t":31,"i":{"x":1,"y":1},"o":{"x":0,"y":0}},{"s":[1257.586,630.938,0],"t":32,"i":{"x":1,"y":1},"o":{"x":0,"y":0}},{"s":[1257.752,630.072,0],"t":33,"i":{"x":1,"y":1},"o":{"x":0,"y":0}},{"s":[1257.884,629.178,0],"t":34,"i":{"x":1,"y":1},"o":{"x":0,"y":0}},{"s":[1257.983,628.258,0],"t":35,"i":{"x":1,"y":1},"o":{"x":0,"y":0}},{"s":[1258.05,627.317,0],"t":36,"i":{"x":1,"y":1},"o":{"x":0,"y":0}},{"s":[1258.085,626.358,0],"t":37,"i":{"x":1,"y":1},"o":{"x":0,"y":0}},{"s":[1258.09,625.386,0],"t":38,"i":{"x":1,"y":1},"o":{"x":0,"y":0}},{"s":[1258.065,624.405,0],"t":39,"i":{"x":1,"y":1},"o":{"x":0,"y":0}},{"s":[1258.011,623.421,0],"t":40,"i":{"x":1,"y":1},"o":{"x":0,"y":0}},{"s":[1257.931,622.439,0],"t":41,"i":{"x":1,"y":1},"o":{"x":0,"y":0}},{"s":[1257.825,621.464,0],"t":42,"i":{"x":1,"y":1},"o":{"x":0,"y":0}},{"s":[1257.695,620.502,0],"t":43,"i":{"x":1,"y":1},"o":{"x":0,"y":0}},{"s":[1257.541,619.561,0],"t":44,"i":{"x":1,"y":1},"o":{"x":0,"y":0}},{"s":[1257.366,618.646,0],"t":45,"i":{"x":1,"y":1},"o":{"x":0,"y":0}},{"s":[1257.171,617.766,0],"t":46,"i":{"x":1,"y":1},"o":{"x":0,"y":0}},{"s":[1256.957,616.929,0],"t":47,"i":{"x":1,"y":1},"o":{"x":0,"y":0}},{"s":[1256.726,616.143,0],"t":48,"i":{"x":1,"y":1},"o":{"x":0,"y":0}},{"s":[1256.479,615.416,0],"t":49,"i":{"x":1,"y":1},"o":{"x":0,"y":0}},{"s":[1256.216,614.759,0],"t":50,"i":{"x":1,"y":1},"o":{"x":0,"y":0}},{"s":[1255.94,614.181,0],"t":51,"i":{"x":1,"y":1},"o":{"x":0,"y":0}},{"s":[1255.65,613.693,0],"t":52,"i":{"x":1,"y":1},"o":{"x":0,"y":0}},{"s":[1255.349,613.306,0],"t":53,"i":{"x":1,"y":1},"o":{"x":0,"y":0}},{"s":[1254.728,612.822,0],"t":55,"i":{"x":1,"y":1},"o":{"x":0,"y":0}},{"s":[1254.211,612.31,0],"t":57,"i":{"x":1,"y":1},"o":{"x":0,"y":0}},{"s":[1254.001,612.013,0],"t":58,"i":{"x":1,"y":1},"o":{"x":0,"y":0}},{"s":[1253.823,611.694,0],"t":59,"i":{"x":1,"y":1},"o":{"x":0,"y":0}},{"s":[1253.675,611.355,0],"t":60,"i":{"x":1,"y":1},"o":{"x":0,"y":0}},{"s":[1253.556,611,0],"t":61,"i":{"x":1,"y":1},"o":{"x":0,"y":0}},{"s":[1253.464,610.635,0],"t":62,"i":{"x":1,"y":1},"o":{"x":0,"y":0}},{"s":[1253.398,610.264,0],"t":63,"i":{"x":1,"y":1},"o":{"x":0,"y":0}},{"s":[1253.355,609.891,0],"t":64,"i":{"x":1,"y":1},"o":{"x":0,"y":0}},{"s":[1253.333,609.523,0],"t":65,"i":{"x":1,"y":1},"o":{"x":0,"y":0}},{"s":[1253.33,609.164,0],"t":66,"i":{"x":1,"y":1},"o":{"x":0,"y":0}},{"s":[1253.343,608.82,0],"t":67,"i":{"x":1,"y":1},"o":{"x":0,"y":0}},{"s":[1253.369,608.497,0],"t":68,"i":{"x":1,"y":1},"o":{"x":0,"y":0}},{"s":[1253.451,607.936,0],"t":70,"i":{"x":1,"y":1},"o":{"x":0,"y":0}},{"s":[1253.602,607.388,0],"t":73,"i":{"x":1,"y":1},"o":{"x":0,"y":0}},{"s":[1253.725,607.866,0],"t":79,"i":{"x":1,"y":1},"o":{"x":0,"y":0}},{"s":[1253.691,608.2,0],"t":80,"i":{"x":1,"y":1},"o":{"x":0,"y":0}},{"s":[1253.635,608.615,0],"t":81,"i":{"x":1,"y":1},"o":{"x":0,"y":0}},{"s":[1253.555,609.114,0],"t":82,"i":{"x":1,"y":1},"o":{"x":0,"y":0}},{"s":[1253.45,609.699,0],"t":83,"i":{"x":1,"y":1},"o":{"x":0,"y":0}},{"s":[1253.317,610.37,0],"t":84,"i":{"x":1,"y":1},"o":{"x":0,"y":0}},{"s":[1253.157,611.127,0],"t":85,"i":{"x":1,"y":1},"o":{"x":0,"y":0}},{"s":[1252.966,611.972,0],"t":86,"i":{"x":1,"y":1},"o":{"x":0,"y":0}},{"s":[1252.746,612.901,0],"t":87,"i":{"x":1,"y":1},"o":{"x":0,"y":0}},{"s":[1252.496,613.914,0],"t":88,"i":{"x":1,"y":1},"o":{"x":0,"y":0}},{"s":[1252.215,615.008,0],"t":89,"i":{"x":1,"y":1},"o":{"x":0,"y":0}},{"s":[1251.905,616.18,0],"t":90,"i":{"x":1,"y":1},"o":{"x":0,"y":0}},{"s":[1251.565,617.424,0],"t":91,"i":{"x":1,"y":1},"o":{"x":0,"y":0}},{"s":[1251.198,618.735,0],"t":92,"i":{"x":1,"y":1},"o":{"x":0,"y":0}},{"s":[1250.805,620.108,0],"t":93,"i":{"x":1,"y":1},"o":{"x":0,"y":0}},{"s":[1250.388,621.533,0],"t":94,"i":{"x":1,"y":1},"o":{"x":0,"y":0}},{"s":[1249.95,623.004,0],"t":95,"i":{"x":1,"y":1},"o":{"x":0,"y":0}},{"s":[1249.493,624.51,0],"t":96,"i":{"x":1,"y":1},"o":{"x":0,"y":0}},{"s":[1249.023,626.04,0],"t":97,"i":{"x":1,"y":1},"o":{"x":0,"y":0}},{"s":[1248.542,627.581,0],"t":98,"i":{"x":1,"y":1},"o":{"x":0,"y":0}},{"s":[1248.055,629.122,0],"t":99,"i":{"x":1,"y":1},"o":{"x":0,"y":0}}],"l":2},"a":{"a":0,"k":[263.955,264.418,0],"ix":1,"l":2},"s":{"a":0,"k":[100,100,100],"ix":6,"l":2}},"ao":0,"ip":0,"op":3500,"st":0,"bm":0}],"markers":[]}